INSERT INTO users (id, name, email)
VALUES (1, 'You', 'you@phiademo.ai')
ON CONFLICT (id) DO NOTHING;

INSERT INTO friends (id, name, avatar_url, strength)
VALUES
  (1, 'Ava Patel', 'https://i.pravatar.cc/100?img=1', 0.92),
  (2, 'Noah Kim', 'https://i.pravatar.cc/100?img=2', 0.76),
  (3, 'Maya Chen', 'https://i.pravatar.cc/100?img=3', 0.88),
  (4, 'Liam Ortega', 'https://i.pravatar.cc/100?img=4', 0.64),
  (5, 'Sofia Rossi', 'https://i.pravatar.cc/100?img=5', 0.71),
  (6, 'Ethan Brooks', 'https://i.pravatar.cc/100?img=6', 0.58),
  (7, 'Harper Singh', 'https://i.pravatar.cc/100?img=7', 0.81),
  (8, 'Lucas Nguyen', 'https://i.pravatar.cc/100?img=8', 0.69),
  (9, 'Isla Ahmed', 'https://i.pravatar.cc/100?img=9', 0.74),
  (10, 'Mateo Silva', 'https://i.pravatar.cc/100?img=10', 0.62),
  (11, 'Zoe Park', 'https://i.pravatar.cc/100?img=11', 0.79),
  (12, 'Elijah Reid', 'https://i.pravatar.cc/100?img=12', 0.57),
  (13, 'Nora Davis', 'https://i.pravatar.cc/100?img=13', 0.66),
  (14, 'Julian Perez', 'https://i.pravatar.cc/100?img=14', 0.7),
  (15, 'Aria Bennett', 'https://i.pravatar.cc/100?img=15', 0.73),
  (16, 'Owen Clark', 'https://i.pravatar.cc/100?img=16', 0.61),
  (17, 'Leah Flores', 'https://i.pravatar.cc/100?img=17', 0.77),
  (18, 'Caleb Rivera', 'https://i.pravatar.cc/100?img=18', 0.59),
  (19, 'Mila Foster', 'https://i.pravatar.cc/100?img=19', 0.83),
  (20, 'Henry Lawson', 'https://i.pravatar.cc/100?img=20', 0.65)
ON CONFLICT (id) DO NOTHING;

INSERT INTO products (id, name, brand, category, price, description)
VALUES
  (1, 'Nimbus Noise-Canceling Headphones', 'Aurora Audio', 'Electronics', 249.00,
   'Cloud-soft ear cushions, adaptive noise canceling, and a warm studio profile for focus-heavy work sessions.'),
  (2, 'Lumen Smart Desk Lamp', 'Lumen', 'Home', 89.00,
   'Circadian lighting presets, wireless charging base, and voice control for a calm nightly routine.'),
  (3, 'Terra Trail Runner', 'Northwind', 'Fashion', 138.00,
   'Lightweight trail runner with recycled mesh, responsive foam, and all-weather traction.'),
  (4, 'Eden Skin Serum', 'Velvet Labs', 'Beauty', 62.00,
   'Hydrating serum with peptides, ceramides, and niacinamide for a glass-skin glow.'),
  (5, 'Harbor Linen Sheets', 'Harbor Home', 'Home', 179.00,
   'Breathable European linen sheets stonewashed for a lived-in, coastal feel.'),
  (6, 'Pulse Fitness Band', 'VivoWear', 'Electronics', 129.00,
   'Daily readiness scores, sleep coaching, and a minimalist band that blends into any outfit.'),
  (7, 'Atlas Carry-On', 'Atlas Travel', 'Travel', 215.00,
   'Expandable carry-on with silent wheels, compression panels, and dedicated tech storage.'),
  (8, 'Luna Knit Cardigan', 'Marrow', 'Fashion', 98.00,
   'Soft alpaca blend cardigan with sculpted shoulders and oversized pockets.'),
  (9, 'Grove Pour-Over Kit', 'Grove & Co', 'Home', 74.00,
   'Ceramic dripper, stainless steel grinder, and tasting notes for café-level brews.'),
  (10, 'Aura Smart Diffuser', 'Aura', 'Home', 68.00,
   'App-controlled diffuser with curated scent journeys and mist scheduling.'),
  (11, 'Solstice Yoga Mat', 'Solstice', 'Fitness', 85.00,
   'Extra-grip natural rubber mat with alignment cues for flow sessions.'),
  (12, 'Skyline Bluetooth Speaker', 'Beacon', 'Electronics', 159.00,
   '360° sound, 18-hour battery, and a mesh exterior designed for modern living rooms.'),
  (13, 'Muse Reading Glasses', 'Muse Optics', 'Fashion', 120.00,
   'Blue-light lenses with a lightweight acetate frame and polished metal accents.'),
  (14, 'Cove Cast-Iron Skillet', 'Cove', 'Home', 94.00,
   'Pre-seasoned skillet with heat-retention for weekend brunches and seared dinners.'),
  (15, 'Bloom Botanical Candle', 'Bloom', 'Beauty', 38.00,
   'Soy wax candle with bergamot, fig leaf, and cedar for a slow evening reset.'),
  (16, 'Drift Weekend Duffle', 'Drift', 'Travel', 145.00,
   'Water-resistant duffle with shoe compartment, padded straps, and minimalist hardware.'),
  (17, 'Nova Ceramic Mug Set', 'Nova', 'Home', 52.00,
   'Hand-glazed stoneware mugs with matte pastel finishes and ergonomic handles.'),
  (18, 'Vera Cashmere Scarf', 'Vera', 'Fashion', 155.00,
   'Featherweight cashmere scarf with tonal fringe and versatile styling.'),
  (19, 'Halo Facial Tool', 'Halo', 'Beauty', 112.00,
   'Microcurrent facial sculptor that boosts glow and de-puffs in five minutes.'),
  (20, 'Summit Hiking Pack', 'Summit', 'Travel', 189.00,
   '30L pack with breathable back panel, hydration sleeve, and trail-ready pockets.'),
  (21, 'Ripple Cold Brew Pitcher', 'Ripple', 'Home', 48.00,
   'Borosilicate pitcher with fine-mesh filter and clean-pour spout.'),
  (22, 'Echo Running Jacket', 'Echo', 'Fashion', 170.00,
   'Lightweight weather shell with reflective seams and breathable mesh panels.'),
  (23, 'Calm Sleep Mask', 'Still', 'Beauty', 29.00,
   'Weighted silk sleep mask with cooling inserts for deeper rest.'),
  (24, 'Sierra Indoor Planter', 'Sierra', 'Home', 64.00,
   'Self-watering planter with minimalist ceramic base and removable reservoir.'),
  (25, 'Orbit Standing Desk', 'Orbit', 'Home', 620.00,
   'Sit-stand desk with dual motors, memory presets, and walnut veneer top.'),
  (26, 'Glide E-Reader', 'Glide', 'Electronics', 189.00,
   'Paper-like display, warm light mode, and audiobook sync for relaxed reading.'),
  (27, 'Pulse Protein Blender', 'Pulse', 'Fitness', 109.00,
   'Compact blender with travel cup and smart pulse modes for post-workout fuel.'),
  (28, 'Wavelength Sleep Speaker', 'Wavelength', 'Electronics', 139.00,
   'Bedside speaker with soundscapes, sunrise alarm, and calming sound bath modes.'),
  (29, 'Nectar Silk Pajama Set', 'Nectar', 'Fashion', 148.00,
   'Silk pajama set with relaxed tailoring and temperature-balancing fabric.'),
  (30, 'Kindred Journal', 'Kindred', 'Home', 36.00,
   'Guided reflection journal with linen cover and weekly intention prompts.'),
  (31, 'Radiant Face Mist', 'Radiant', 'Beauty', 34.00,
   'Mineral-rich face mist with aloe and rosewater for midday refresh.'),
  (32, 'Studio Wireless Keyboard', 'Studio', 'Electronics', 129.00,
   'Low-profile mechanical keyboard with quiet tactile switches and aluminum frame.'),
  (33, 'Cloud Lounge Robe', 'Cloud', 'Home', 95.00,
   'Plush knit robe with deep pockets and spa-inspired shawl collar.'),
  (34, 'Terra Clay Cookware Set', 'Terra', 'Home', 210.00,
   'Non-toxic ceramic cookware with fast heat response and smooth clean-up.'),
  (35, 'Harbor Espresso Set', 'Harbor', 'Home', 58.00,
   'Six-piece espresso set with stackable saucers and matte glazing.'),
  (36, 'Vista Hiking Boots', 'Vista', 'Fashion', 185.00,
   'Waterproof boots with ergonomic ankle support and rugged sole.'),
  (37, 'PureWave Air Purifier', 'PureWave', 'Home', 240.00,
   'HEPA air purifier with quiet night mode and real-time air quality sensor.'),
  (38, 'Solaris Vitamin C Cream', 'Solaris', 'Beauty', 74.00,
   'Brightening cream with stabilized vitamin C and botanical oils.'),
  (39, 'Pulse Foam Roller', 'Pulse', 'Fitness', 42.00,
   'High-density foam roller with sculpted ridges for muscle recovery.'),
  (40, 'Sage Aromatherapy Set', 'Sage', 'Beauty', 58.00,
   'Essential oil trio with calming blends and ceramic tray.' )
ON CONFLICT (id) DO NOTHING;

INSERT INTO friend_events (friend_id, product_id, event_type, event_ts)
VALUES
  (1, 1, 'purchase', NOW() - INTERVAL '2 days'),
  (1, 10, 'view', NOW() - INTERVAL '4 days'),
  (1, 25, 'view', NOW() - INTERVAL '6 days'),
  (2, 3, 'purchase', NOW() - INTERVAL '8 days'),
  (2, 22, 'view', NOW() - INTERVAL '1 day'),
  (2, 29, 'view', NOW() - INTERVAL '12 days'),
  (3, 4, 'purchase', NOW() - INTERVAL '3 days'),
  (3, 31, 'view', NOW() - INTERVAL '5 days'),
  (3, 15, 'view', NOW() - INTERVAL '9 days'),
  (4, 7, 'purchase', NOW() - INTERVAL '4 days'),
  (4, 16, 'view', NOW() - INTERVAL '6 days'),
  (4, 20, 'view', NOW() - INTERVAL '15 days'),
  (5, 5, 'purchase', NOW() - INTERVAL '2 days'),
  (5, 33, 'view', NOW() - INTERVAL '7 days'),
  (5, 24, 'view', NOW() - INTERVAL '11 days'),
  (6, 6, 'purchase', NOW() - INTERVAL '1 day'),
  (6, 27, 'view', NOW() - INTERVAL '8 days'),
  (6, 39, 'view', NOW() - INTERVAL '5 days'),
  (7, 8, 'purchase', NOW() - INTERVAL '3 days'),
  (7, 18, 'view', NOW() - INTERVAL '6 days'),
  (7, 29, 'view', NOW() - INTERVAL '10 days'),
  (8, 9, 'purchase', NOW() - INTERVAL '4 days'),
  (8, 21, 'view', NOW() - INTERVAL '9 days'),
  (8, 35, 'view', NOW() - INTERVAL '14 days'),
  (9, 11, 'purchase', NOW() - INTERVAL '2 days'),
  (9, 27, 'view', NOW() - INTERVAL '6 days'),
  (9, 39, 'view', NOW() - INTERVAL '13 days'),
  (10, 12, 'purchase', NOW() - INTERVAL '5 days'),
  (10, 28, 'view', NOW() - INTERVAL '7 days'),
  (10, 32, 'view', NOW() - INTERVAL '11 days'),
  (11, 13, 'purchase', NOW() - INTERVAL '1 day'),
  (11, 22, 'view', NOW() - INTERVAL '4 days'),
  (11, 36, 'view', NOW() - INTERVAL '9 days'),
  (12, 14, 'purchase', NOW() - INTERVAL '6 days'),
  (12, 34, 'view', NOW() - INTERVAL '8 days'),
  (12, 17, 'view', NOW() - INTERVAL '10 days'),
  (13, 15, 'purchase', NOW() - INTERVAL '3 days'),
  (13, 23, 'view', NOW() - INTERVAL '5 days'),
  (13, 31, 'view', NOW() - INTERVAL '11 days'),
  (14, 16, 'purchase', NOW() - INTERVAL '4 days'),
  (14, 7, 'view', NOW() - INTERVAL '7 days'),
  (14, 20, 'view', NOW() - INTERVAL '12 days'),
  (15, 17, 'purchase', NOW() - INTERVAL '2 days'),
  (15, 30, 'view', NOW() - INTERVAL '6 days'),
  (15, 35, 'view', NOW() - INTERVAL '10 days'),
  (16, 18, 'purchase', NOW() - INTERVAL '1 day'),
  (16, 29, 'view', NOW() - INTERVAL '5 days'),
  (16, 8, 'view', NOW() - INTERVAL '9 days'),
  (17, 19, 'purchase', NOW() - INTERVAL '4 days'),
  (17, 4, 'view', NOW() - INTERVAL '8 days'),
  (17, 38, 'view', NOW() - INTERVAL '11 days'),
  (18, 20, 'purchase', NOW() - INTERVAL '6 days'),
  (18, 7, 'view', NOW() - INTERVAL '12 days'),
  (18, 16, 'view', NOW() - INTERVAL '9 days'),
  (19, 21, 'purchase', NOW() - INTERVAL '3 days'),
  (19, 9, 'view', NOW() - INTERVAL '7 days'),
  (19, 35, 'view', NOW() - INTERVAL '13 days'),
  (20, 22, 'purchase', NOW() - INTERVAL '5 days'),
  (20, 36, 'view', NOW() - INTERVAL '8 days'),
  (20, 3, 'view', NOW() - INTERVAL '11 days')
ON CONFLICT DO NOTHING;
